test_accuracy,test_precision,test_recall,test_f1,test_roc_auc,cv_accuracy_mean,cv_accuracy_std,cv_accuracy_min,cv_accuracy_max
0.9596412556053812,0.9900990099009901,0.9259259259259259,0.9569377990430622,0.9705314009661835,0.9493488253319715,0.02818039844931543,0.9101123595505618,1.0
